{
  "model_type": "V3_Specialist_T1",
  "league_id": 203,
  "league_code": "T1",
  "trained_at": "2026-04-27T13:38:43.109896+00:00",
  "n_features": 20,
  "n_train_samples": 1866,
  "n_holdout_samples": 330,
  "data_source": "historical_odds (2141) + training_matches (55)",
  "holdout_metrics": {
    "accuracy": 0.5333333333333333,
    "pick_dist_pct": {
      "H": 49.696969696969695,
      "D": 16.666666666666664,
      "A": 33.63636363636363
    },
    "actual_dist_pct": {
      "H": 49.3939393939394,
      "D": 23.03030303030303,
      "A": 27.575757575757574
    },
    "max_skew_pp": 6.363636363636367,
    "draw_pred_rate": 0.16666666666666663,
    "fold_variance": 0.13504823151125406
  },
  "gate_passed": true
}