{
  "test_timestamp": "20251005_022133",
  "test_type": "comprehensive_authentic_data",
  "predictions_tested": 36,
  "data_sources": {
    "odds_snapshots": 435,
    "odds_consensus": 20
  },
  "overall_metrics": {
    "accuracy_3way": 0.5555555555555556,
    "brier_score": 0.19161225576982427,
    "log_loss": 0.9696570871901815,
    "model_score": 7.5,
    "model_grade": "B+ (Above Average)"
  },
  "vs_production": {
    "logloss_delta": 0.00618208719018154,
    "brier_delta": 0.0006122557698242659,
    "accuracy_delta": 1.25555555555556,
    "assessment": "NEEDS WORK"
  },
  "confidence_breakdown": {
    "high_confidence": {
      "count": 4,
      "accuracy": 1.0,
      "brier": 0.05153873524464502
    },
    "medium_confidence": {
      "count": 20,
      "accuracy": 0.55,
      "brier": 0.20064079088029896
    },
    "low_confidence": {
      "count": 12,
      "accuracy": 0.4166666666666667,
      "brier": 0.2232558707607595
    }
  },
  "detailed_results": [
    {
      "match_id": 1377919,
      "data_source": "real_results",
      "bookmakers": 17,
      "predicted_outcome": "H",
      "actual_outcome": "D",
      "accuracy": 0.0,
      "brier_score": 0.29017889797574,
      "log_loss": 1.3133818380676594,
      "confidence": 0.5510122337996679,
      "probabilities": {
        "H": 0.5510122337996679,
        "D": 0.2689091098516135,
        "A": 0.18007865634871853
      },
      "clv": null,
      "league": "Serie A",
      "score": "3-3"
    },
    {
      "match_id": 1377921,
      "data_source": "real_results",
      "bookmakers": 18,
      "predicted_outcome": "H",
      "actual_outcome": "A",
      "accuracy": 0.0,
      "brier_score": 0.31557153195378995,
      "log_loss": 1.5202479801292215,
      "confidence": 0.5151115415738943,
      "probabilities": {
        "H": 0.5151115415738943,
        "D": 0.26623080095168533,
        "A": 0.21865765747442045
      },
      "clv": null,
      "league": "Serie A",
      "score": "0-1"
    },
    {
      "match_id": 1379029,
      "data_source": "real_results",
      "bookmakers": 16,
      "predicted_outcome": "H",
      "actual_outcome": "H",
      "accuracy": 1.0,
      "brier_score": 0.02210681724644573,
      "log_loss": 0.23030218646361456,
      "confidence": 0.7942935414771937,
      "probabilities": {
        "H": 0.7942935414771937,
        "D": 0.1405873724366804,
        "A": 0.06511908608612584
      },
      "clv": null,
      "league": "Premier League",
      "score": "2-0"
    },
    {
      "match_id": 1379031,
      "data_source": "real_results",
      "bookmakers": 20,
      "predicted_outcome": "H",
      "actual_outcome": "H",
      "accuracy": 1.0,
      "brier_score": 0.13368313426955106,
      "log_loss": 0.7274103651624564,
      "confidence": 0.48315857568632986,
      "probabilities": {
        "H": 0.48315857568632986,
        "D": 0.2718709162218003,
        "A": 0.24497050809186982
      },
      "clv": null,
      "league": "Premier League",
      "score": "3-1"
    },
    {
      "match_id": 1379033,
      "data_source": "real_results",
      "bookmakers": 16,
      "predicted_outcome": "A",
      "actual_outcome": "H",
      "accuracy": 0.0,
      "brier_score": 0.2285349204971515,
      "log_loss": 1.1078485911294123,
      "confidence": 0.41484944484473,
      "probabilities": {
        "H": 0.33026874038640974,
        "D": 0.25488181476886024,
        "A": 0.41484944484473
      },
      "clv": null,
      "league": "Premier League",
      "score": "2-1"
    },
    {
      "match_id": 1379036,
      "data_source": "real_results",
      "bookmakers": 16,
      "predicted_outcome": "H",
      "actual_outcome": "H",
      "accuracy": 1.0,
      "brier_score": 0.0697981494937426,
      "log_loss": 0.46617604970101845,
      "confidence": 0.6273968213013493,
      "probabilities": {
        "H": 0.6273968213013493,
        "D": 0.2102260048773996,
        "A": 0.162377173821251
      },
      "clv": null,
      "league": "Premier League",
      "score": "2-0"
    },
    {
      "match_id": 1387757,
      "data_source": "real_results",
      "bookmakers": 16,
      "predicted_outcome": "A",
      "actual_outcome": "A",
      "accuracy": 1.0,
      "brier_score": 0.05965273352653531,
      "log_loss": 0.4216384967452298,
      "confidence": 0.655971132235281,
      "probabilities": {
        "H": 0.14532728532360398,
        "D": 0.19870158244111508,
        "A": 0.655971132235281
      },
      "clv": null,
      "league": "Ligue 1",
      "score": "0-3"
    },
    {
      "match_id": 1387759,
      "data_source": "real_results",
      "bookmakers": 19,
      "predicted_outcome": "H",
      "actual_outcome": "H",
      "accuracy": 1.0,
      "brier_score": 0.10294981264315824,
      "log_loss": 0.6042371623146768,
      "confidence": 0.5464911517179301,
      "probabilities": {
        "H": 0.5464911517179301,
        "D": 0.23986977248334793,
        "A": 0.213639075798722
      },
      "clv": null,
      "league": "Ligue 1",
      "score": "2-0"
    },
    {
      "match_id": 1388353,
      "data_source": "real_results",
      "bookmakers": 18,
      "predicted_outcome": "A",
      "actual_outcome": "H",
      "accuracy": 0.0,
      "brier_score": 0.21427638196502938,
      "log_loss": 1.0532565277882262,
      "confidence": 0.38363888270715096,
      "probabilities": {
        "H": 0.3488000206346899,
        "D": 0.2675610966581592,
        "A": 0.38363888270715096
      },
      "clv": null,
      "league": "Bundesliga",
      "score": "3-1"
    },
    {
      "match_id": 1388354,
      "data_source": "real_results",
      "bookmakers": 18,
      "predicted_outcome": "H",
      "actual_outcome": "H",
      "accuracy": 1.0,
      "brier_score": 0.09514419498941944,
      "log_loss": 0.5720454518614211,
      "confidence": 0.5643698658754577,
      "probabilities": {
        "H": 0.5643698658754577,
        "D": 0.23746404072768384,
        "A": 0.19816609339685853
      },
      "clv": null,
      "league": "Bundesliga",
      "score": "2-0"
    },
    {
      "match_id": 1388356,
      "data_source": "real_results",
      "bookmakers": 18,
      "predicted_outcome": "H",
      "actual_outcome": "D",
      "accuracy": 0.0,
      "brier_score": 0.33143236940462334,
      "log_loss": 1.5584373566525482,
      "confidence": 0.5668840560254095,
      "probabilities": {
        "H": 0.5668840560254095,
        "D": 0.2104646956290035,
        "A": 0.22265124834558717
      },
      "clv": null,
      "league": "Bundesliga",
      "score": "1-1"
    },
    {
      "match_id": 1388361,
      "data_source": "real_results",
      "bookmakers": 18,
      "predicted_outcome": "H",
      "actual_outcome": "H",
      "accuracy": 1.0,
      "brier_score": 0.1731060233865255,
      "log_loss": 0.8854584018432855,
      "confidence": 0.4125250276969224,
      "probabilities": {
        "H": 0.4125250276969224,
        "D": 0.26520850495851594,
        "A": 0.32226646734456177
      },
      "clv": null,
      "league": "Bundesliga",
      "score": "1-0"
    },
    {
      "match_id": 1388679,
      "data_source": "real_results",
      "bookmakers": 14,
      "predicted_outcome": "H",
      "actual_outcome": "A",
      "accuracy": 0.0,
      "brier_score": 0.24125548782014916,
      "log_loss": 1.1599044067877398,
      "confidence": 0.4351014590522392,
      "probabilities": {
        "H": 0.4351014590522392,
        "D": 0.2513823914817521,
        "A": 0.3135161494660088
      },
      "clv": null,
      "league": "2. Bundesliga",
      "score": "2-3"
    },
    {
      "match_id": 1388682,
      "data_source": "real_results",
      "bookmakers": 17,
      "predicted_outcome": "H",
      "actual_outcome": "D",
      "accuracy": 0.0,
      "brier_score": 0.2661888963928472,
      "log_loss": 1.3063855269361808,
      "confidence": 0.386525623049858,
      "probabilities": {
        "H": 0.386525623049858,
        "D": 0.2707970783566829,