{
  "euro": {
    "model_metrics": {
      "accuracy": 0.4097486671744098,
      "top2_accuracy": 0.7387661843107388,
      "logloss": 1.1016188154390971,
      "brier": 0.6657585384526589,
      "rps": 0.4730294254985436,
      "samples": 1313
    },
    "baselines": {
      "uniform": {
        "accuracy": 0.43869002284843867,
        "logloss": 1.0986122886681096,
        "brier": 0.6666666666666669,
        "rps": 0.4727934331894728
      },
      "frequency": {
        "accuracy": 0.43869002284843867,
        "logloss": 1.0709393563710883,
        "brier": 0.6479211633155817,
        "rps": 0.46128091630417956
      },
      "market_implied": {
        "accuracy": 0.43869002284843867,
        "logloss": 1.0762096251711837,
        "brier": 0.6509058644325971,
        "rps": 0.4632598629093678
      }
    },
    "outcome_distribution": {
      "home_rate": 0.43869002284843867,
      "draw_rate": 0.24828636709824828,
      "away_rate": 0.31302361005331303
    }
  },
  "global": {
    "model_metrics": {
      "accuracy": 0.4181494661921708,
      "top2_accuracy": 0.7218268090154211,
      "logloss": 1.0976914576863037,
      "brier": 0.6626363598700559,
      "rps": 0.47510516965270533,
      "samples": 1686
    },
    "baselines": {
      "uniform": {
        "accuracy": 0.4347568208778173,
        "logloss": 1.0986122886681093,
        "brier": 0.6666666666666666,
        "rps": 0.4770660340055358
      },
      "frequency": {
        "accuracy": 0.4347568208778173,
        "logloss": 1.0685022319668696,
        "brier": 0.6467897654116168,
        "rps": 0.4667666456999166
      },
      "market_implied": {
        "accuracy": 0.4347568208778173,
        "logloss": 1.0786849587997123,
        "brier": 0.6525781731909845,
        "rps": 0.47057200474495847
      }
    },
    "outcome_distribution": {
      "home_rate": 0.4347568208778173,
      "draw_rate": 0.2354685646500593,
      "away_rate": 0.32977461447212336
    }
  }
}