{
  "euro_results": {
    "evaluation_type": "Euro Only",
    "model_metrics": {
      "accuracy": 0.33815689261233817,
      "top2_accuracy": 0.6831683168316832,
      "logloss": 1.2825521968109292,
      "brier": 0.75738238575477,
      "rps": 0.536172985045052,
      "brier_reliability": 0.037005584115093436,
      "brier_resolution": 0.00129490138985087,
      "brier_uncertainty": 0.6479211633155817,
      "samples": 1313
    },
    "baseline_metrics": {
      "uniform": {
        "accuracy": 0.43869002284843867,
        "logloss": 1.0986122886681096,
        "brier": 0.6666666666666669,
        "rps": 0.4727934331894728
      },
      "frequency": {
        "accuracy": 0.43869002284843867,
        "logloss": 1.0673205570786897,
        "brier": 0.6457372899410689,
        "rps": 0.4602288425287518
      },
      "market_implied": {
        "accuracy": 0.43869002284843867,
        "logloss": 1.0762096251711837,
        "brier": 0.6509058644325971,
        "rps": 0.4632598629093678
      }
    },
    "league_breakdown": {
      "39": {
        "accuracy": 0.34395750332005315,
        "top2_accuracy": 0.701195219123506,
        "logloss": 1.2661044824041034,
        "brier": 0.7490652476241402,
        "rps": 0.5334948207938872,
        "brier_reliability": 0.0362077307266581,
        "brier_resolution": 0.0023025804884375034,
        "brier_uncertainty": 0.645206689840902,
        "samples": 753,
        "league_name": "English Premier League"
      },
      "140": {
        "accuracy": 0.36818181818181817,
        "top2_accuracy": 0.6590909090909091,
        "logloss": 1.2672641820175383,
        "brier": 0.7443703795122784,
        "rps": 0.524706385869072,
        "brier_reliability": 0.03732374778281984,
        "brier_resolution": 0.005917216939481708,
        "brier_uncertainty": 0.6445867768595042,
        "samples": 220,
        "league_name": "La Liga Santander"
      },
      "135": {
        "accuracy": 0.275,
        "top2_accuracy": 0.675,
        "logloss": 1.3177443308669363,
        "brier": 0.7740427844128835,
        "rps": 0.5460243088526867,
        "brier_reliability": 0.05665249351120379,
        "brier_resolution": 0.016031926025887377,
        "brier_uncertainty": 0.6511111111111111,
        "samples": 120,
        "league_name": "Serie A"
      },
      "78": {
        "accuracy": 0.3,
        "top2_accuracy": 0.6416666666666667,
        "logloss": 1.2860225812032562,
        "brier": 0.7755048884320449,
        "rps": 0.5701773509686636,
        "brier_reliability": 0.055164273584925955,
        "brier_resolution": 0.007594220192046279,
        "brier_uncertainty": 0.6337499999999999,
        "samples": 120,
        "league_name": "Bundesliga"
      },
      "61": {
        "accuracy": 0.35,
        "top2_accuracy": 0.66,
        "logloss": 1.3936420967017864,
        "brier": 0.8068973680094271,
        "rps": 0.5289392523659806,
        "brier_reliability": 0.06440994039825874,
        "brier_resolution": 0.01592813552116958,
        "brier_uncertainty": 0.6601999999999999,
        "samples": 100,
        "league_name": "Ligue 1"
      }
    },
    "outcome_distribution": {
      "home_rate": 0.43869002284843867,
      "draw_rate": 0.24828636709824828,
      "away_rate": 0.31302361005331303
    },
    "total_samples": 1313,
    "evaluation_date": "2025-07-27T16:46:21.762283"
  },
  "global_results": {
    "evaluation_type": "Global",
    "model_metrics": {
      "accuracy": 0.34104389086595494,
      "top2_accuracy": 0.6755634638196916,
      "logloss": 1.295591336625793,
      "brier": 0.7649603331779301,
      "rps": 0.551939073891368,
      "brier_reliability": 0.03966192255007068,
      "brier_resolution": 0.0012626714030614333,
      "brier_uncertainty": 0.6467897654116166,
      "samples": 1686
    },
    "baseline_metrics": {
      "uniform": {
        "accuracy": 0.4347568208778173,
        "logloss": 1.0986122886681093,
        "brier": 0.6666666666666666,
        "rps": 0.4770660340055358
      },
      "frequency": {
        "accuracy": 0.4347568208778173,
        "logloss": 1.0685022319668696,
        "brier": 0.6467897654116168,
        "rps": 0.4667666456999166
      },
      "market_implied": {
        "accuracy": 0.4347568208778173,
        "logloss": 1.0786849587997123,
        "brier": 0.6525781731909845,
        "rps": 0.47057200474495847
      }
    },
    "league_breakdown": {},
    "outcome_distribution": {
      "home_rate": 0.4347568208778173,
      "draw_rate": 0.2354685646500593,
      "away_rate": 0.32977461447212336
    },
    "total_samples": 1686,
    "evaluation_date": "2025-07-27T16:46:22.993005"
  },
  "reconciliation_analysis": "\ud83d\udcca METRIC RECONCILIATION ANALYSIS\n============================================================\nAnalysis Date: 2025-07-27 16:46:22\n\n\ud83c\udf0d EURO VS GLOBAL COMPARISON:\n----------------------------------------\nMetric               Euro Only    Global       Difference  \n------------------------------------------------------------\naccuracy             33.8%        34.1%        +0.3%\ntop2_accuracy        68.3%        67.6%        -0.8%\nlogloss              1.2826      1.2956      +0.0130\nbrier                0.7574      0.7650      +0.0076\nrps                  0.5362      0.5519      +0.0158\n\nSample Sizes:\nEuro Only: 1,313 matches\nGlobal: 1,686 matches\n\n\ud83c\udfaf BASELINE COMPARISONS:\n----------------------------------------\n\nEuro Dataset:\nBaseline        LogLoss    Brier      Accuracy  \n---------------------------------------------\nuniform         1.0986    0.6667    43.9%\nfrequency       1.0673    0.6457    43.9%\nmarket_implied  1.0762    0.6509    43.9%\nMODEL           1.2826    0.7574    33.8%\n\nGlobal Dataset:\nBaseline        LogLoss    Brier      Accuracy  \n---------------------------------------------\nuniform         1.0986    0.6667    43.5%\nfrequency       1.0685    0.6468    43.5%\nmarket_implied  1.0787    0.6526    43.5%\nMODEL           1.2956    0.7650    34.1%\n\n\ud83d\udcc8 EURO LEAGUE BREAKDOWN:\n--------------------------------------------------\nLeague                    Acc     Top2    LogLoss  Brier    Samples \nLa Liga Santander         36.8%   65.9%   1.2673   0.7444   220     \nLigue 1                   35.0%   66.0%   1.3936   0.8069   100     \nEnglish Premier League    34.4%   70.1%   1.2661   0.7491   753     \nBundesliga                30.0%   64.2%   1.2860   0.7755   120     \nSerie A                   27.5%   67.5%   1.3177   0.7740   120     \n\n\ud83d\udd0d DIAGNOSTIC FINDINGS:\n------------------------------\n\u2022 CALIBRATION CONCERN: Euro LogLoss 1.283 only marginally better than uniform (1.099)\n\n\ud83d\udca1 NEXT STEPS:\n\u2022 Verify if different feature sets are being used\n\u2022 Check for data leakage in global vs euro evaluation\n\u2022 Confirm Top-2 accuracy calculation implementation\n\u2022 Investigate why Euro performance is substantially lower"
}