{
  "timestamp": "2025-10-22T14:40:49.877224",
  "baseline": {
    "logloss": 1.0156880008487024,
    "brier": 0.605703420389543,
    "hit_rate": 0.48333333333333334,
    "avg_max_p": 0.48972766744585583,
    "ece_global": 0.08106926032473011,
    "max_league_ece": 0.0811,
    "n_samples": 240
  },
  "grid": {
    "alpha": [
      0.5,
      0.6,
      0.7,
      0.8
    ],
    "kl_cap": [
      0.15,
      0.2,
      0.25,
      null
    ],
    "delta_tau": [
      0.75,
      1.0
    ]
  },
  "guardrails": {
    "ece_global_max": 0.03,
    "ece_league_max": 0.05,
    "require_logloss_improvement": true,
    "require_brier_not_worse": true
  },
  "results": [
    {
      "config_num": 1,
      "alpha": 0.5,
      "kl_cap": 0.15,
      "delta_tau": 0.75,
      "logloss": 1.0166396619121394,
      "brier": 0.6063822309350065,
      "hit_rate": 0.48333333333333334,
      "avg_max_p": 0.4891880123944464,
      "ece_global": 0.07769077383550539,
      "max_league_ece": 0.0777,
      "n_samples": 240,
      "delta_logloss": 0.0009516610634370259,
      "delta_brier": 0.0006788105454635929,
      "delta_ece": -0.0033784864892247163
    },
    {
      "config_num": 3,
      "alpha": 0.5,
      "kl_cap": 0.2,
      "delta_tau": 0.75,
      "logloss": 1.0166396619121394,
      "brier": 0.6063822309350065,
      "hit_rate": 0.48333333333333334,
      "avg_max_p": 0.4891880123944464,
      "ece_global": 0.07769077383550539,
      "max_league_ece": 0.0777,
      "n_samples": 240,
      "delta_logloss": 0.0009516610634370259,
      "delta_brier": 0.0006788105454635929,
      "delta_ece": -0.0033784864892247163
    },
    {
      "config_num": 5,
      "alpha": 0.5,
      "kl_cap": 0.25,
      "delta_tau": 0.75,
      "logloss": 1.0166396619121394,
      "brier": 0.6063822309350065,
      "hit_rate": 0.48333333333333334,
      "avg_max_p": 0.4891880123944464,
      "ece_global": 0.07769077383550539,
      "max_league_ece": 0.0777,
      "n_samples": 240,
      "delta_logloss": 0.0009516610634370259,
      "delta_brier": 0.0006788105454635929,
      "delta_ece": -0.0033784864892247163
    },
    {
      "config_num": 7,
      "alpha": 0.5,
      "kl_cap": null,
      "delta_tau": 0.75,
      "logloss": 1.0166396619121394,
      "brier": 0.6063822309350065,
      "hit_rate": 0.48333333333333334,
      "avg_max_p": 0.4891880123944464,
      "ece_global": 0.07769077383550539,
      "max_league_ece": 0.0777,
      "n_samples": 240,
      "delta_logloss": 0.0009516610634370259,
      "delta_brier": 0.0006788105454635929,
      "delta_ece": -0.0033784864892247163
    },
    {
      "config_num": 9,
      "alpha": 0.6,
      "kl_cap": 0.15,
      "delta_tau": 0.75,
      "logloss": 1.0170334965047443,
      "brier": 0.6066733803263119,
      "hit_rate": 0.48333333333333334,
      "avg_max_p": 0.48899142964121534,
      "ece_global": 0.07749410519833778,
      "max_league_ece": 0.0775,
      "n_samples": 240,
      "delta_logloss": 0.0013454956560419173,
      "delta_brier": 0.0009699599367689604,
      "delta_ece": -0.0035751551263923237
    },
    {
      "config_num": 11,
      "alpha": 0.6,
      "kl_cap": 0.2,
      "delta_tau": 0.75,
      "logloss": 1.0170334965047443,
      "brier": 0.6066733803263119,
      "hit_rate": 0.48333333333333334,
      "avg_max_p": 0.48899142964121534,
      "ece_global": 0.07749410519833778,
      "max_league_ece": 0.0775,
      "n_samples": 240,
      "delta_logloss": 0.0013454956560419173,
      "delta_brier": 0.0009699599367689604,
      "delta_ece": -0.0035751551263923237
    },
    {
      "config_num": 13,
      "alpha": 0.6,
      "kl_cap": 0.25,
      "delta_tau": 0.75,
      "logloss": 1.0170334965047443,
      "brier": 0.6066733803263119,
      "hit_rate": 0.48333333333333334,
      "avg_max_p": 0.48899142964121534,
      "ece_global": 0.07749410519833778,
      "max_league_ece": 0.0775,
      "n_samples": 240,
      "delta_logloss": 0.0013454956560419173,
      "delta_brier": 0.0009699599367689604,
      "delta_ece": -0.0035751551263923237
    },
    {
      "config_num": 15,
      "alpha": 0.6,
      "kl_cap": null,
      "delta_tau": 0.75,
      "logloss": 1.0170334965047443,
      "brier": 0.6066733803263119,
      "hit_rate": 0.48333333333333334,
      "avg_max_p": 0.48899142964121534,
      "ece_global": 0.07749410519833778,
      "max_league_ece": 0.0775,
      "n_samples": 240,
      "delta_logloss": 0.0013454956560419173,
      "delta_brier": 0.0009699599367689604,
      "delta_ece": -0.0035751551263923237
    },
    {
      "config_num": 2,
      "alpha": 0.5,
      "kl_cap": 0.15,
      "delta_tau": 1.0,
      "logloss": 1.0170880910933426,
      "brier": 0.6067134082708795,
      "hit_rate": 0.48333333333333334,
      "avg_max_p": 0.48896638303707357,
      "ece_global": 0.0774690368896723,
      "max_league_ece": 0.0775,
      "n_samples": 240,
      "delta_logloss": 0.001400090244640273,
      "delta_brier": 0.0010099878813365493,
      "delta_ece": -0.003600223435057809
    },
    {
      "config_num": 4,
      "alpha": 0.5,
      "kl_cap": 0.2,
      "delta_tau": 1.0,
      "logloss": 1.0170880910933426,
      "brier": 0.6067134082708795,
      "hit_rate": 0.48333333333333334,
      "avg_max_p": 0.48896638303707357,
      "ece_global": 0.0774690368896723,
      "max_league_ece": 0.0775,
      "n_samples": 240,
      "delta_logloss": 0.001400090244640273,
      "delta_brier": 0.0010099878813365493,
      "delta_ece": -0.003600223435057809
    },
    {
      "config_num": 6,
      "alpha": 0.5,
      "kl_cap": 0.25,
      "delta_tau": 1.0,
      "logloss": 1.0170880910933426,
      "brier": 0.6067134082708795,
      "hit_rate": 0.48333333333333334,
      "avg_max_p": 0.48896638303707357,
      "ece_global": 0.0774690368896723,
      "max_league_ece": 0.0775,
      "n_samples": 240,
      "delta_logloss": 0.001400090244640273,
      "delta_brier": 0.0010099878813365493,
      "delta_ece": -0.003600223435057809
    },
    {
      "config_num": 8,
      "alpha": 0.5,
      "kl_cap": null,
      "delta_tau": 1.0,
      "logloss": 1.0170880910933426,
      "brier": 0.6067134082708795,
      "hit_rate": 0.48333333333333334,
      "avg_max_p": 0.48896638303707357,
      "ece_global": 0.0774690368896723,
      "max_league_ece": 0.0775,
      "n_samples": 240,
      "delta_logloss": 0.001400090244640273,
      "delta_brier": 0.0010099878813365493,
      "delta_ece": -0.003600223435057809
    },
    {
      "config_num": 10,
      "alpha": 0.6,
      "kl_cap": 0.15,
      "delta_tau": 1.0,
      "logloss": 1.0174160210583991,
      "brier": 0.6069559413470456,
      "hit_rate": 0.48333333333333334,
      "avg_max_p": 0.48881412615531705,
      "ece_global": 0.07731671564167134,
      "max_league_ece": 0.0773,
      "n_samples": 240,
      "delta_logloss": 0.0017280202096967567,
      "delta_brier": 0.001252520957502612,
      "delta_ece": -0.0037525446830587728
    },
    {
      "config_num": 12,
      "alpha": 0.6,
      "kl_cap": 0.2,
      "delta_tau": 1.0,
      "logloss": 1.0174160210583991,
      "brier": 0.6069559413470456,
      "hit_rate": 0.48333333333333334,
      "avg_max_p": 0.48881412615531705,
      "ece_global": 0.07731671564167134,
      "max_league_ece": 0.0773,
      "n_samples": 240,
      "delta_logloss": 0.0017280202096967567,
      "delta_brier": 0.001252520957502612,
      "delta_ece": -0.0037525446830587728
    },
    {
      "config_num": 14,
      "alpha": 0.6,
      "kl_cap": 0.25,
      "delta_tau": 1.0,
      "logloss": 1.0174160210583991,
      "brier": 0.6069559413470456,
      "hit_rate": 0.48333333333333334,
      "avg_max_p": 0.48881412615531705,
      "ece_global": 0.07731671564167134,
      "max_league_ece": 0.0773,
      "n_samples": 240,
      "delta_logloss": 0.0017280202096967567,
      "delta_brier": 0.001252520957502612,
      "delta_ece": -0.0037525446830587728
    },
    {
      "config_num": 16,
      "alpha": 0.6,
      "kl_cap": null,
      "delta_tau": 1.0,