{
  "training_date": "2025-12-03T15:07:30.674331",
  "n_matches": 619,
  "n_features": 48,
  "n_folds_trained": 3,
  "n_folds_skipped": 2,
  "classes": [
    "H",
    "D",
    "A"
  ],
  "cv_strategy": "5-fold TimeSeriesSplit with 7d embargo",
  "metrics": {
    "logloss": 1.0267774664385894,
    "brier": 0.20515814077793912,
    "accuracy": 0.49514563106796117
  },
  "fold_details": [
    {
      "fold": 2,
      "logloss": 1.0193722437049846,
      "brier": 0.20355141802273646,
      "accuracy": 0.4854368932038835
    },
    {
      "fold": 3,
      "logloss": 1.0275586070499811,
      "brier": 0.20560630227671242,
      "accuracy": 0.5242718446601942
    },
    {
      "fold": 4,
      "logloss": 1.0334015485608024,
      "brier": 0.2063167020343685,
      "accuracy": 0.47572815533980584
    }
  ]
}