name,model_type,n_samples,logloss,accuracy,top2_accuracy,brier_score,rps,improvement_vs_uniform,improvement_vs_frequency,beats_frequency,beats_brier_threshold,meets_top2_threshold
uniform,baseline,999,1.0986122886681096,0.4394394394394394,0.5605605605605606,0.22222222222222224,0.4858191524858192,,,,,
frequency,baseline,999,1.0561250835162563,0.4394394394394394,0.7907907907907908,0.21322557125026262,0.47423599775952124,,,,,
catboost,model,999,0.9354292804104096,0.5425425425425425,0.7847847847847848,0.18476628660481376,0.39073594759138297,0.16318300825769994,0.12069580310584671,True,True,False
two_stage_enhanced,model,999,1.1039179702998159,0.3813813813813814,0.7697697697697697,0.2257006796183273,0.4362012975824444,-0.005305681631706305,-0.04779288678355953,False,False,False
