model_name,n_samples,logloss,accuracy,top2_accuracy,brier_score,rps,league_name
League_39,80,1.0832495522840921,0.3375,0.8,0.21985088595718297,0.4889722357991232,English Premier League
League_140,80,1.063128296978053,0.4125,0.7375,0.21392763075912372,0.4701674363087129,La Liga Santander
League_135,80,1.0555835209341287,0.3875,0.85,0.21401815816616296,0.5037453888713267,Serie A
League_78,80,1.093522579567789,0.325,0.7125,0.2213270113547524,0.4754318463475936,Bundesliga
League_61,80,1.0859416280165144,0.375,0.75,0.21935287310756904,0.46694370722499007,Ligue 1
