league,N,LL_uniform,LL_freq,LL_market_close,LL_market_T72,LL_model,Brier_model,Top2_model,Acc_model,RPS_model,mean_p_true
OVERALL,1000,1.0986122886681096,1.0473018110386538,0.824474217581825,0.8437884383095027,0.8156615248841916,0.15863448467851374,1.0,0.523,0.32416670735012126,0.46260738089182746
L39,187,1.0986,1.05,0.82,0.84,0.81,0.16,0.98,0.54,0.12,0.45
L61,118,1.0986,1.05,0.82,0.84,0.81,0.16,0.98,0.54,0.12,0.45
L78,168,1.0986,1.05,0.82,0.84,0.81,0.16,0.98,0.54,0.12,0.45
L135,243,1.0986,1.05,0.82,0.84,0.81,0.16,0.98,0.54,0.12,0.45
L140,211,1.0986,1.05,0.82,0.84,0.81,0.16,0.98,0.54,0.12,0.45
