model_name,n_samples,logloss,accuracy,top2_accuracy,brier_score,rps
uniform,400,1.0986122886681096,0.405,0.595,0.22222222222222224,0.48388888888888887
frequency,400,1.0642287647227773,0.405,0.785,0.2151166666666667,0.47657499999999997
league_frequency,400,1.0533214340622723,0.4375,0.785,0.21270833333333336,0.47068750000000004
simple_logistic,400,1.058320587881508,0.4275,0.79,0.21397345416519942,0.47456165632627717
random_forest,400,1.0762851155561153,0.3675,0.77,0.21769531186895819,0.4810521229103493
