{
  "total_matches": 1500,
  "identical_pct": 0.0,
  "mean_abs_diff": 0.0006764277552444866,
  "max_abs_diff": 0.004914868123117829,
  "multi_book_identical_pct": 0.0,
  "with_pinnacle_diff": 0.0006764277552444866,
  "without_pinnacle_diff": 0
}