{
  "model_type": "V3_Specialist_SP1",
  "league_id": 140,
  "league_code": "SP1",
  "trained_at": "2026-04-27T12:11:55.392158+00:00",
  "n_features": 20,
  "n_train_samples": 2994,
  "n_holdout_samples": 529,
  "data_source": "historical_odds (3420) + training_matches (103)",
  "holdout_metrics": {
    "accuracy": 0.5463137996219282,
    "pick_dist_pct": {
      "H": 62.75992438563327,
      "D": 6.238185255198488,
      "A": 31.001890359168243
    },
    "actual_dist_pct": {
      "H": 44.234404536862,
      "D": 25.330812854442343,
      "A": 30.434782608695656
    },
    "max_skew_pp": 19.092627599243855,
    "draw_pred_rate": 0.062381852551984876,
    "fold_variance": 0.0380761523046092
  },
  "gate_passed": true
}