{
  "D1_2003-2007": {
    "quality_weights": {
      "b365": 0.25023009303372096,
      "iw": 0.248379889579431,
      "lb": 0.2509261643252275,
      "wh": 0.2504638530616206
    },
    "sharpness_ranks": {
      "lb": 1,
      "wh": 2,
      "b365": 3,
      "iw": 4
    },
    "best_bookmaker": "lb",
    "best_logloss": 0.9762452870536861
  },
  "D1_2008-2012": {
    "quality_weights": {
      "b365": 0.1427569611324937,
      "bw": 0.14276674487312518,
      "iw": 0.14268220001181298,
      "lb": 0.14296481085868912,
      "wh": 0.14295458065417252,
      "sj": 0.1425276183566859,
      "vc": 0.1433470841130207
    },
    "sharpness_ranks": {
      "vc": 1,
      "lb": 2,
      "wh": 3,
      "bw": 4,
      "b365": 5,
      "iw": 6,
      "sj": 7
    },
    "best_bookmaker": "vc",
    "best_logloss": 1.004631187975921
  },
  "D1_2013-2017": {
    "quality_weights": {
      "b365": 0.12482504588531088,
      "bw": 0.12481249296297137,
      "iw": 0.1244748482116231,
      "lb": 0.1247066077201327,
      "ps": 0.12480858805109726,
      "wh": 0.12458065294905578,
      "sj": 0.12691871652032818,
      "vc": 0.12487304769948075
    },
    "sharpness_ranks": {
      "sj": 1,
      "vc": 2,
      "b365": 3,
      "bw": 4,
      "ps": 5,
      "lb": 6,
      "wh": 7,
      "iw": 8
    },
    "best_bookmaker": "sj",
    "best_logloss": 0.9566302248970272
  },
  "D1_2018-2022": {
    "quality_weights": {
      "b365": 0.1669972894891859,
      "bw": 0.16665708903363155,
      "iw": 0.16648635841139822,
      "ps": 0.16630047685248342,
      "wh": 0.1667807547289786,
      "vc": 0.16677803148432221
    },
    "sharpness_ranks": {
      "b365": 1,
      "wh": 2,
      "vc": 3,
      "bw": 4,
      "iw": 5,
      "ps": 6
    },
    "best_bookmaker": "b365",
    "best_logloss": 0.9625018386506841
  },
  "D1_2023-2024": {
    "quality_weights": {
      "b365": 0.16608907426729025,
      "bw": 0.1649459581987371,
      "iw": 0.17149926613869304,
      "ps": 0.16624354295535948,
      "wh": 0.16540028723599515,
      "vc": 0.16582187120392503
    },
    "sharpness_ranks": {
      "iw": 1,
      "ps": 2,
      "b365": 3,
      "vc": 4,
      "wh": 5,
      "bw": 6
    },
    "best_bookmaker": "iw",
    "best_logloss": 0.9165044034782852
  },
  "E0_1998-2002": {
    "quality_weights": {
      "b365": 0.25044991601337746,
      "iw": 0.24975442362065658,
      "lb": 0.2504701849080343,
      "wh": 0.24932547545793166
    },
    "sharpness_ranks": {
      "lb": 1,
      "b365": 2,
      "iw": 3,
      "wh": 4
    },
    "best_bookmaker": "lb",
    "best_logloss": 1.019032736346139
  },
  "E0_2003-2007": {
    "quality_weights": {
      "b365": 0.14325767932979003,
      "bw": 0.14303839381384267,
      "iw": 0.14219454671102466,
      "lb": 0.14294783609763886,
      "wh": 0.14235796352925673,
      "sj": 0.14260168530443101,
      "vc": 0.143601895214016
    },
    "sharpness_ranks": {
      "vc": 1,
      "b365": 2,
      "bw": 3,
      "lb": 4,
      "sj": 5,
      "wh": 6,
      "iw": 7
    },
    "best_bookmaker": "vc",
    "best_logloss": 0.9337172512553413
  },
  "E0_2008-2012": {
    "quality_weights": {
      "b365": 0.14376476558152165,
      "bw": 0.14317742703983916,
      "iw": 0.14190613050755632,
      "lb": 0.1419251948830538,
      "wh": 0.14229296824456558,
      "sj": 0.14299458710511231,
      "vc": 0.1439389266383511
    },
    "sharpness_ranks": {
      "vc": 1,
      "b365": 2,
      "bw": 3,
      "sj": 4,
      "wh": 5,
      "lb": 6,
      "iw": 7
    },
    "best_bookmaker": "vc",
    "best_logloss": 0.9116449380115313
  },
  "E0_2013-2017": {
    "quality_weights": {
      "b365": 0.14312558171727166,
      "bw": 0.1428113129603379,
      "iw": 0.1422230720798193,
      "lb": 0.14306222242186098,
      "ps": 0.1431411697521205,
      "wh": 0.1426480609180201,
      "vc": 0.1429885801505696
    },
    "sharpness_ranks": {
      "ps": 1,
      "b365": 2,
      "lb": 3,
      "vc": 4,
      "bw": 5,
      "wh": 6,
      "iw": 7
    },
    "best_bookmaker": "ps",
    "best_logloss": 0.9707357082784738
  },
  "E0_2018-2022": {
    "quality_weights": {
      "b365": 0.16660580904199224,
      "bw": 0.16669172998732132,
      "iw": 0.16668008093932976,
      "ps": 0.16677397897103913,
      "wh": 0.1665849219928736,
      "vc": 0.16666347906744397
    },
    "sharpness_ranks": {
      "ps": 1,
      "bw": 2,
      "iw": 3,
      "vc": 4,
      "b365": 5,
      "wh": 6
    },
    "best_bookmaker": "ps",
    "best_logloss": 0.9542629140915067
  },
  "F1_2003-2007": {
    "quality_weights": {
      "b365": 0.1423888390196391,
      "bw": 0.14264448471591648,
      "iw": 0.14244687982147908,
      "lb": 0.14263037260788605,
      "wh": 0.14369493854912216,
      "sj": 0.1432289864086481,
      "vc": 0.14296549887730903
    },
    "sharpness_ranks": {
      "wh": 1,
      "sj": 2,
      "vc": 3,
      "bw": 4,
      "lb": 5,
      "iw": 6,
      "b365": 7
    },
    "best_bookmaker": "wh",
    "best_logloss": 1.0416420826800366
  },
  "F1_2008-2012": {
    "quality_weights": {
      "b365": 0.14326729356923396,
      "bw": 0.142755354468772,
      "iw": 0.14243530351788275,
      "lb": 0.14272073484837303,
      "wh": 0.1428098137782856,
      "sj": 0.14319943882429859,
      "vc": 0.1428120609931541
    },
    "sharpness_ranks": {
      "b365": 1,
      "sj": 2,
      "vc": 3,
      "wh": 4,
      "bw": 5,
      "lb": 6,
      "iw": 7
    },
    "best_bookmaker": "b365",
    "best_logloss": 1.0242740409419508
  },
  "F1_2018-2022": {
    "quality_weights": {
      "b365": 0.16679380419938683,
      "bw": 0.16634762128114342,
      "iw": 0.16676890941398567,
      "ps": 0.16661914315208678,
      "wh": 0.16676743438049366,
      "vc": 0.1667030875729037
    },
    "sharpness_ranks": {
      "b365": 1,
      "iw": 2,
      "wh": 3,
      "vc": 4,
      "ps": 5,
      "bw": 6
    },
    "best_bookmaker": "b365",
    "best_logloss": 0.9992661388009421
  },
  "I1_1998-2002": {
    "quality_weights": {
      "b365": 0.24980889894343133,
      "iw": 0.24863098832071698,
      "lb": 0.2531439764307728,
      "wh": 0.24841613630507872
    },
    "sharpness_ranks": {
      "lb": 1,
      "b365": 2,
      "iw": 3,
      "wh": 4
    },
    "best_bookmaker": "lb",
    "best_logloss": 0.945441741022149
  },
  "I1_2003-2007": {
    "quality_weights": {
      "b365": 0.14253843977832592,
      "bw": 0.14351716178907337,
      "iw": 0.1414626360464205,
      "lb": 0.14253206304855628,
      "wh": 0.14387356379876914,
      "sj": 0.14329388723199094,
      "vc": 0.14278224830686406
    },
    "sharpness_ranks": {
      "wh": 1,
      "bw": 2,
      "sj": 3,
      "vc": 4,
      "b365": 5,
      "lb": 6,
      "iw": 7
    },
    "best_bookmaker": "wh",
    "best_logloss": 0.9471510369296376
  },
  "I1_2008-2012": {
    "quality_weights": {
      "b365": 0.1429413257076552,
      "bw": 0.1426591358391769,
      "iw": 0.14310704141094152,
      "lb": 0.14282865769165895,
      "wh": 0.14305592777723072,
      "sj": 0.1428578514333742,
      "vc": 0.14255006013996238
    },
    "sharpness_ranks": {
      "iw": 1,
      "wh": 2,
      "b365": 3,
      "sj": 4,
      "lb": 5,
      "bw": 6,
      "vc": 7
    },
    "best_bookmaker": "iw",
    "best_logloss": 0.9848107428673039
  },
  "I1_2013-2017": {
    "quality_weights": {
      "b365": 0.1429127559182057,
      "bw": 0.14291624994313393,
      "iw": 0.14244779414485825,
      "lb": 0.1427403626839219,
      "ps": 0.14321042914652385,
      "wh": 0.14268465009531597,
      "vc": 0.1430877580680404
    },
    "sharpness_ranks": {
      "ps": 1,
      "vc": 2,
      "bw": 3,
      "b365": 4,
      "lb": 5,
      "wh": 6,
      "iw": 7
    },
    "best_bookmaker": "ps",
    "best_logloss": 0.979259261633917
  },
  "I1_2018-2022": {
    "quality_weights": {
      "b365": 0.14292134570620185,
      "bw": 0.1427607501261185,
      "iw": 0.14224692540417683,
      "lb": 0.14261507217278058,
      "ps": 0.1426537867827688,