{
  "model_type": "lightgbm_binary",
  "target": "draw vs non-draw",
  "trained_at": "2026-03-16T01:07:40.271522",
  "train_samples": 32752,
  "test_samples": 8188,
  "n_features": 16,
  "feature_names": [
    "draw_prob_mean",
    "draw_prob_std",
    "draw_odds_avg",
    "draw_odds_max",
    "draw_sharp_ratio",
    "draw_fraction",
    "overround",
    "ha_prob_gap",
    "ha_odds_ratio",
    "favourite_prob",
    "draw_prob_max_book",
    "league_draw_rate",
    "n_draw_books",
    "n_home_books",
    "shots_balance",
    "corners_balance"
  ],
  "league_draw_rates": {
    "Bundesliga": 0.24797136038186157,
    "Bundesliga 2": 0.2679738562091503,
    "Eredivisie": 0.23106423777564716,
    "I2": 0.3184591914569031,
    "Jupiler League": 0.24180734856007943,
    "La Liga": 0.2662921348314607,
    "Ligue 1": 0.2928073000536769,
    "Premier League": 0.2364441165621542,
    "Primeira Liga": 0.2388888888888889,
    "SP2": 0.3070500927643785,
    "Scottish Championship": 0.31851851851851853,
    "Serie A": 0.27359017308766054,
    "Super Lig": 0.25565428109854604,
    "S\u00fcper Lig": 0.3
  },
  "metrics": {
    "roc_auc": 0.5836,
    "log_loss": 0.572,
    "trivial_log_loss": 0.5808,
    "logloss_improvement": 0.0088,
    "test_draw_rate": 0.2676,
    "test_samples": 8188,
    "optimal_threshold": 0.2019,
    "optimal_f1": 0.4399,
    "optimal_precision": 0.2941,
    "optimal_recall": 0.8722
  },
  "best_iteration": 94,
  "usage_note": "Standalone draw classifier. Grade independently. Not wired into /predict cascade yet."
}