{
  "last_training_date": "2025-11-14T20:48:51.146219",
  "matches_used": 10240,
  "phase2_coverage": 13.37890625,
  "model_version": "v2-team-plus-plus-20251114-204851",
  "performance": {},
  "cv_folds": 5,
  "min_matches": 3000
}