{
  "last_training_date": "2025-11-14T23:22:01.427379",
  "matches_used": 10240,
  "phase2_coverage": 13.37890625,
  "model_version": "v2-team-plus-plus-20251114-232201",
  "performance": {},
  "cv_folds": 5,
  "min_matches": 3000
}