baseline,logloss,sample_size
uniform,1.0986122886681096,1627
frequency,1.075697534975984,1627
market_close,0.9633996261520121,1627
market_t72_equal,0.9642693123951402,1627
