{
  "model_type": "Voting_Ensemble",
  "trained_at": "2025-12-28T04:58:01.429977+00:00",
  "lite_model": {
    "n_features": 28,
    "accuracy": 0.4788830715532286,
    "logloss": 1.033889074187758,
    "n_samples": 5730
  },
  "premium_model": {
    "n_features": 50,
    "accuracy": 0.5019438444924406,
    "logloss": 1.0070038740048248,
    "n_samples": 2315
  },
  "voting_strategy": "weighted_average",
  "weights": {
    "lite": 0.4,
    "premium": 0.6
  }
}