{
  "timestamp": "2026-05-08T18:32:34.637606",
  "n_folds": 5,
  "n_features": 46,
  "class_weights": {
    "0": 1.0,
    "1": 2.0,
    "2": 1.2
  },
  "params": {
    "objective": "multiclass",
    "num_class": 3,
    "metric": "multi_logloss",
    "learning_rate": 0.03,
    "num_leaves": 31,
    "min_data_in_leaf": 50,
    "lambda_l2": 3.0,
    "feature_fraction": 0.75,
    "verbosity": -1,
    "seed": 42,
    "is_unbalance": false
  },
  "oof_metrics": {
    "logloss": 1.0238564881292804,
    "accuracy_3way": 0.45151726543425186,
    "per_class": {
      "H": {
        "precision": 0.6333704322018179,
        "recall": 0.4533023564553601,
        "f1": 0.5284172244361048,
        "n": 15065.0
      },
      "D": {
        "precision": 0.3041231258518855,
        "recall": 0.5886556007474992,
        "f1": 0.40104849279161203,
        "n": 9097.0
      },
      "A": {
        "precision": 0.5570335882939808,
        "recall": 0.3270845537980863,
        "f1": 0.41215551181102367,
        "n": 10242.0
      }
    }
  }
}