{
  "alpha": 0.9500000000000001,
  "logloss": 0.971265989186398,
  "accuracy": 0.5260678902062693,
  "brier": 0.19277281108679245,
  "evaluated_samples": 36942
}